symbol,direction,entry_time,exit_time,entry_price,exit_price,lots,stop_price,pyramid_index,exit_reason,gross_pl,commission,net_pl
XAUUSD.var,long,2014-07-10,2014-07-14,1336.3303125167672,1311.856145805388,0.01,1312.106145805388,1,stop,-24.474166711379212,0.1,-24.574166711379213
XAUUSD.var,long,2014-06-30,2014-07-14,1327.34,1306.67,0.01,1302.760580061737,0,channel_exit,-20.669999999999845,0.1,-20.769999999999847
XAUUSD.var,short,2014-08-21,2014-10-09,1276.21,1224.32,0.01,1300.2770901296126,0,channel_exit,51.8900000000001,0.1,51.7900000000001
XAUUSD.var,short,2014-09-02,2014-10-09,1267.6339106902294,1224.32,0.01,1290.753482182951,1,channel_exit,43.31391069022948,0.1,43.213910690229476
XAUUSD.var,short,2014-09-05,2014-10-09,1258.7276770557648,1224.32,0.01,1282.727633414337,2,channel_exit,34.40767705576491,0.1,34.307677055764906
XAUUSD.var,short,2014-09-09,2014-10-09,1249.9082587434157,1224.32,0.01,1273.6767075763466,3,channel_exit,25.588258743415736,0.1,25.488258743415734
XAUUSD.var,short,2014-10-29,2014-11-14,1211.49,1188.78,0.01,1236.2529385352916,0,channel_exit,22.710000000000036,0.1,22.610000000000035
XAUUSD.var,short,2015-07-17,2015-08-10,1138.8789380184992,1104.53,0.01,1162.2021795375288,3,channel_exit,34.34893801849921,0.1,34.24893801849921
XAUUSD.var,short,2015-07-08,2015-08-10,1147.5314035881352,1104.53,0.01,1172.3765032001304,2,channel_exit,43.00140358813519,0.1,42.90140358813519
XAUUSD.var,short,2015-07-07,2015-08-10,1156.7545659426335,1104.53,0.01,1181.0457234289443,1,channel_exit,52.2245659426335,0.1,52.124565942633495
XAUUSD.var,short,2015-07-02,2015-08-10,1165.77,1104.53,0.01,1190.0969815901483,0,channel_exit,61.24000000000001,0.1,61.14000000000001
XAUUSD.var,short,2015-11-27,2015-12-04,1057.79,1083.4266450635573,0.01,1083.1766450635573,0,stop,-25.63664506355735,0.1,-25.73664506355735
XAUUSD.var,long,2016-01-07,2016-01-14,1102.8868936118022,1077.435177313663,0.01,1077.685177313663,1,stop,-25.451716298139214,0.1,-25.551716298139215
XAUUSD.var,long,2016-01-06,2016-03-14,1093.53,1234.89,0.01,1068.9813512651165,0,channel_exit,141.36000000000013,0.1,141.26000000000013
XAUUSD.var,long,2016-01-26,2016-03-14,1112.3294068931502,1234.89,0.01,1086.8993714762219,1,channel_exit,122.56059310684986,0.1,122.46059310684987
XAUUSD.var,long,2016-01-27,2016-03-14,1121.792919510431,1234.89,0.01,1096.306885864349,2,channel_exit,113.0970804895692,0.1,112.9970804895692
XAUUSD.var,long,2016-02-03,2016-03-14,1131.0298818978463,1234.89,0.01,1106.1479821980718,3,channel_exit,103.86011810215383,0.1,103.76011810215384
XAUUSD.var,long,2016-11-01,2016-11-10,1288.39,1261.0582768917925,0.01,1261.3082768917925,0,stop,-27.3317231082076,0.1,-27.431723108207603
XAUUSD.var,short,2017-03-09,2017-03-16,1200.03,1227.1695645161267,0.01,1226.9195645161267,0,stop,-27.13956451612671,0.1,-27.239564516126713
XAUUSD.var,long,2017-03-27,2017-04-25,1254.51,1263.15,0.01,1228.4868734734666,0,channel_exit,8.6400000000001,0.1,8.5400000000001
XAUUSD.var,long,2017-04-07,2017-04-25,1263.7840406993666,1263.15,0.01,1238.8032655010554,1,channel_exit,-0.634040699366551,0.1,-0.734040699366551
XAUUSD.var,long,2017-04-11,2017-04-25,1273.331062430545,1263.15,0.01,1247.6223378140692,2,channel_exit,-10.181062430544898,0.1,-10.281062430544898
XAUUSD.var,long,2017-04-12,2017-04-25,1282.9523580751645,1263.15,0.01,1257.0455696895124,3,channel_exit,-19.80235807516442,0.1,-19.902358075164422
XAUUSD.var,short,2017-05-04,2017-05-17,1228.7880703530473,1254.7332160782546,0.01,1254.4832160782546,1,stop,-25.94514572520734,0.1,-26.04514572520734
XAUUSD.var,short,2017-05-09,2017-05-17,1219.335948109491,1245.0416074256407,0.01,1244.7916074256407,2,stop,-25.70565931614965,0.1,-25.80565931614965
XAUUSD.var,short,2017-05-03,2017-05-17,1238.33,1260.73,0.01,1263.7264691844289,0,channel_exit,-22.40000000000009,0.1,-22.500000000000092
XAUUSD.var,long,2017-06-06,2017-06-13,1285.879134552741,1260.9670887409513,0.01,1261.2170887409513,2,stop,-24.912045811789767,0.1,-25.01204581178977
XAUUSD.var,long,2017-06-02,2017-06-15,1276.72461737332,1251.598971044467,0.01,1251.848971044467,1,stop,-25.12564632885301,0.1,-25.22564632885301
XAUUSD.var,long,2017-05-26,2017-06-15,1267.49,1253.68,0.01,1242.5047292485765,0,channel_exit,-13.809999999999945,0.1,-13.909999999999945
XAUUSD.var,short,2017-06-19,2017-07-17,1243.02,1234.06,0.01,1268.3538812676277,0,channel_exit,8.960000000000036,0.1,8.860000000000037
XAUUSD.var,short,2017-07-03,2017-07-17,1233.6722428269588,1234.06,0.01,1258.8495952884018,1,channel_exit,-0.3877571730411091,0.1,-0.4877571730411091
XAUUSD.var,short,2017-07-04,2017-07-17,1224.5301235125698,1234.06,0.01,1249.1591083509406,2,channel_exit,-9.529876487430101,0.1,-9.629876487430101
XAUUSD.var,short,2017-07-07,2017-07-17,1215.2789336528956,1234.06,0.01,1240.1987732786938,3,channel_exit,-18.781066347104343,0.1,-18.881066347104344
XAUUSD.var,long,2017-08-10,2017-09-18,1281.3937271492098,1307.04,0.01,1257.2634872496965,3,channel_exit,25.646272850790186,0.1,25.546272850790185
XAUUSD.var,long,2017-08-01,2017-09-18,1272.4386371868923,1307.04,0.01,1249.0830100760693,2,channel_exit,34.6013628131077,0.1,34.5013628131077
XAUUSD.var,long,2017-07-21,2017-09-18,1254.92,1307.04,0.01,1231.0006781305976,0,channel_exit,52.11999999999989,0.1,52.01999999999989
XAUUSD.var,long,2017-07-27,2017-09-18,1263.7740270203337,1307.04,0.01,1239.9132882994438,1,channel_exit,43.26597297966623,0.1,43.16597297966623
XAUUSD.var,long,2017-11-17,2017-12-05,1294.39,1269.3704113221697,0.01,1269.6204113221697,0,stop,-25.019588677830374,0.1,-25.119588677830375
XAUUSD.var,short,2017-12-12,2017-12-18,1237.3386558112031,1262.1889069813283,0.01,1261.9389069813283,1,stop,-24.850251170125148,0.1,-24.95025117012515
XAUUSD.var,short,2017-12-07,2017-12-20,1246.47,1265.69,0.01,1271.8262996589883,0,channel_exit,-19.220000000000027,0.1,-19.32000000000003
XAUUSD.var,long,2017-12-26,2018-02-06,1283.35,1324.18,0.01,1260.744698193242,0,channel_exit,40.830000000000155,0.1,40.73000000000015
XAUUSD.var,long,2017-12-28,2018-02-06,1291.5032349552246,1324.18,0.01,1269.5112750746255,1,channel_exit,32.67676504477549,0.1,32.57676504477549
XAUUSD.var,long,2017-12-29,2018-02-06,1299.767808162688,1324.18,0.01,1277.4789462761187,2,channel_exit,24.412191837312093,0.1,24.312191837312092
XAUUSD.var,long,2018-01-02,2018-02-06,1308.2300277097781,1324.18,0.01,1285.4141089175373,3,channel_exit,15.949972290221922,0.1,15.849972290221922
XAUUSD.var,short,2018-05-15,2018-08-24,1290.63,1206.57,0.01,1317.4178587387712,0,channel_exit,84.06000000000017,0.1,83.96000000000018
XAUUSD.var,short,2018-06-15,2018-08-24,1282.0542109622725,1206.57,0.01,1305.172981729546,1,channel_exit,75.48421096227253,0.1,75.38421096227253
XAUUSD.var,short,2018-06-19,2018-08-24,1273.6128426057232,1206.57,0.01,1296.3731582231876,2,channel_exit,67.04284260572331,0.1,66.94284260572331
XAUUSD.var,short,2018-06-21,2018-08-24,1265.3576264139376,1206.57,0.01,1287.6215362586993,3,channel_exit,58.78762641393769,0.1,58.687626413937686
XAUUSD.var,short,2018-09-27,2018-10-02,1182.41,1206.1300494122884,0.01,1205.8800494122884,0,stop,-23.72004941228829,0.1,-23.82004941228829
XAUUSD.var,long,2018-10-23,2018-10-31,1234.4677181998495,1214.33,0.01,1209.3704696669176,1,channel_exit,-20.137718199849587,0.1,-20.23771819984959
XAUUSD.var,long,2018-10-26,2018-10-31,1243.6218834039455,1218.710776193023,0.01,1218.960776193023,2,stop,-24.91110721092241,0.1,-25.01110721092241
XAUUSD.var,long,2018-10-11,2018-10-31,1225.15,1214.33,0.01,1198.8781168576995,0,channel_exit,-10.820000000000164,0.1,-10.920000000000163
XAUUSD.var,short,2018-11-12,2018-11-16,1200.2021780240095,1224.9097032933175,0.01,1224.6597032933175,1,stop,-24.707525269308007,0.1,-24.80752526930801
XAUUSD.var,short,2018-11-09,2018-12-03,1209.28,1234.0847634413767,0.01,1233.8347634413767,0,stop,-24.804763441376735,0.1,-24.904763441376737
XAUUSD.var,long,2018-12-04,2019-02-28,1238.91,1312.95,0.01,1216.3826368070513,0,channel_exit,74.03999999999996,0.1,73.93999999999997
XAUUSD.var,long,2018-12-07,2019-02-28,1247.092270037833,1312.95,0.01,1225.0228832702785,1,channel_exit,65.85772996216701,0.1,65.75772996216702
XAUUSD.var,long,2018-12-19,2019-02-28,1254.8902465073986,1312.95,0.01,1233.845642588557,2,channel_exit,58.05975349260143,0.1,57.95975349260143
XAUUSD.var,long,2018-12-20,2019-02-28,1263.188949153486,1312.95,0.01,1240.8090754305865,3,channel_exit,49.76105084651408,0.1,49.66105084651408
XAUUSD.var,short,2019-03-04,2019-03-13,1283.9523288145663,1308.0727853090561,0.01,1307.8227853090561,1,stop,-24.120456494489872,0.1,-24.220456494489873
XAUUSD.var,short,2019-03-01,2019-03-20,1292.81,1316.6746910468314,0.01,1316.4246910468314,0,stop,-23.864691046831467,0.1,-23.96469104683147
XAUUSD.var,long,2019-03-25,2019-03-28,1322.37,1298.2461417396466,0.01,1298.4961417396466,0,stop,-24.123858260353245,0.1,-24.223858260353246
XAUUSD.var,short,2019-04-23,2019-05-08,1268.3279066558785,1290.6468222402025,0.01,1290.3968222402025,1,stop,-22.31891558432403,0.1,-22.418915584324033
XAUUSD.var,short,2019-04-16,2019-05-13,1276.51,1300.415351505067,0.01,1300.165351505067,0,stop,-23.905351505067074,0.1,-24.005351505067075
XAUUSD.var,long,2019-06-04,2019-09-09,1322.0024112827325,1498.55,0.01,1299.8207316675587,2,channel_exit,176.54758871726744,0.1,176.44758871726745
XAUUSD.var,long,2019-06-05,2019-09-09,1330.5475721456382,1498.55,0.01,1307.5104765112233,3,channel_exit,168.0024278543617,0.1,167.90242785436172
XAUUSD.var,long,2019-05-31,2019-09-09,1305.48,1498.55,0.01,1284.328859152162,0,channel_exit,193.06999999999994,0.1,192.96999999999994
XAUUSD.var,long,2019-06-03,2019-09-09,1313.7780314270424,1498.55,0.01,1291.3999476215963,1,channel_exit,184.77196857295758,0.1,184.67196857295758
XAUUSD.var,long,2019-12-31,2020-03-13,1518.1952531523884,1529.51,0.01,1493.0369055521046,2,channel_exit,11.31474684761156,0.1,11.21474684761156
XAUUSD.var,long,2020-01-02,2020-03-13,1527.6009769849895,1529.51,0.01,1502.2690467647199,3,channel_exit,1.9090230150104617,0.1,1.8090230150104616
XAUUSD.var,long,2019-12-24,2020-03-13,1498.97,1529.51,0.01,1472.5705324848227,0,channel_exit,30.53999999999996,0.1,30.43999999999996
XAUUSD.var,long,2019-12-26,2020-03-13,1508.854622802282,1529.51,0.01,1482.2456286628635,1,channel_exit,20.655377197718053,0.1,20.55537719771805
XAGUSD.var,short,2020-03-10,2020-04-06,16.866,15.038,0.22,18.008932048016884,0,channel_exit,40.21599999999999,2.2,38.015999999999984
XAGUSD.var,short,2020-03-12,2020-04-06,16.419544247499285,15.038,0.21,17.635092920834524,1,channel_exit,29.012429197484984,2.1,26.912429197484983
XAGUSD.var,short,2020-03-13,2020-04-06,15.941973782623604,15.038,0.19,17.240495022292084,2,channel_exit,17.17550186984847,1.9000000000000001,15.27550186984847
XAGUSD.var,short,2020-03-16,2020-04-06,15.339031840991709,15.038,0.15,16.971877018676764,3,channel_exit,4.515477614875625,1.5,3.015477614875625
XAGUSD.var,long,2020-04-14,2020-09-21,15.763,24.684,0.18,14.358374212448457,0,channel_exit,160.57800000000003,1.8,158.77800000000002
XAGUSD.var,long,2020-05-15,2020-09-21,16.16208198550719,24.684,0.23,15.072863357488018,1,channel_exit,196.00411433333468,2.3000000000000003,193.70411433333467
XAGUSD.var,long,2020-05-18,2020-09-21,16.57604737173902,24.684,0.22,15.447139675120805,2,channel_exit,178.3749578217416,2.2,176.1749578217416
XAGUSD.var,long,2020-05-19,2020-09-21,16.98956448865926,24.684,0.23,15.861852176871956,3,channel_exit,176.97201676083708,2.3000000000000003,174.67201676083707
XAGUSD.var,short,2020-09-24,2020-09-29,21.798292965269905,24.340845057883488,0.1,24.31584505788349,1,stop,-25.42552092613583,1.0,-26.42552092613583
XAGUSD.var,short,2020-09-23,2020-10-09,22.733,25.154,0.11,25.20426536064588,0,channel_exit,-26.630999999999993,1.1,-27.730999999999995
XAGUSD.var,long,2020-11-05,2020-11-23,25.381999999999998,23.40950524116443,0.13,23.43450524116443,0,stop,-25.64243186486236,1.3,-26.94243186486236
XAGUSD.var,short,2020-11-30,2020-12-01,22.034058152230735,23.747903079615444,0.16,23.722903079615445,1,stop,-27.42151883815535,1.6,-29.02151883815535
XAGUSD.var,short,2020-11-27,2020-12-04,22.658,24.36941571303654,0.16,24.34441571303654,0,stop,-27.382651408584596,1.6,-28.982651408584598
XAGUSD.var,long,2020-12-17,2021-01-08,25.99168396702576,25.381,0.16,24.343526721623725,1,channel_exit,-9.77094347241217,1.6,-11.37094347241217
XAGUSD.var,long,2020-12-16,2021-01-08,25.383,25.381,0.16,23.748992373261014,0,channel_exit,-0.031999999999982265,1.6,-1.6319999999999824
XAGUSD.var,long,2020-12-21,2021-01-08,26.649864997266512,24.844715583291176,0.15,24.869715583291175,2,stop,-27.07724120963004,1.5,-28.57724120963004
XAGUSD.var,long,2021-01-04,2021-01-08,27.290267393100073,25.53252767087725,0.15,25.55752767087725,3,stop,-26.36609583334234,1.5,-27.86609583334234
XAGUSD.var,long,2021-02-01,2021-02-02,28.983999999999998,26.821185759079142,0.12,26.84618575907914,0,stop,-25.953770891050265,1.2000000000000002,-27.153770891050264
XAGUSD.var,short,2021-03-04,2021-04-08,25.295,25.468999999999998,0.13,27.2956465388316,0,channel_exit,-2.261999999999947,1.3,-3.561999999999947
XAGUSD.var,short,2021-03-25,2021-04-08,24.672806533075267,25.468999999999998,0.15,26.35698911154123,1,channel_exit,-11.942902003870959,1.5,-13.442902003870959
XAGUSD.var,short,2021-03-30,2021-04-08,24.06989328437067,25.468999999999998,0.16,25.702661947582925,2,channel_exit,-22.38570745006922,1.6,-23.98570745006922
XAGUSD.var,long,2021-05-03,2021-06-16,26.86583766001372,26.867,0.19,25.513448660057335,2,channel_exit,0.022084459739318163,1.9000000000000001,-1.877915540260682
XAGUSD.var,long,2021-04-15,2021-06-16,25.849999999999998,26.867,0.18,24.408516898431557,0,channel_exit,18.306000000000054,1.8,16.506000000000054
XAGUSD.var,long,2021-04-21,2021-06-16,26.368066785030077,26.867,0.19,24.961555358283196,1,channel_exit,9.47973108442855,1.9000000000000001,7.57973108442855
XAGUSD.var,long,2021-05-06,2021-06-16,27.393909245202824,26.867,0.18,25.960718351365216,3,channel_exit,-9.484366413650818,1.8,-11.284366413650819
XAGUSD.var,short,2021-06-17,2021-07-02,25.842000000000002,26.468,0.19,27.240844272127692,0,channel_exit,-11.893999999999956,1.9000000000000001,-13.793999999999956
XAGUSD.var,short,2021-07-27,2021-08-04,24.721223644352907,25.87462725941182,0.23,25.84962725941182,1,stop,-26.528283146355,2.3000000000000003,-28.828283146355
XAGUSD.var,short,2021-07-19,2021-08-27,25.135,24.029999999999998,0.23,26.293729988599225,0,channel_exit,25.41500000000009,2.3000000000000003,23.11500000000009
XAGUSD.var,short,2021-08-06,2021-08-27,24.305506048917103,24.029999999999998,0.23,25.439086303412584,1,channel_exit,6.336639125093417,2.3000000000000003,4.0366391250934175
XAGUSD.var,short,2021-08-09,2021-08-27,23.836061833253087,24.029999999999998,0.21,25.112913075023794,2,channel_exit,-4.072701501685124,2.1,-6.172701501685124
XAGUSD.var,short,2021-08-10,2021-08-27,23.37355232837227,24.029999999999998,0.21,24.63191100805444,3,channel_exit,-13.785401104182279,2.1,-15.885401104182279
XAGUSD.var,long,2021-09-03,2021-09-10,24.703,23.705000000000002,0.23,23.555961649716924,0,channel_exit,-22.953999999999944,2.3000000000000003,-25.253999999999944
XAGUSD.var,short,2021-09-30,2021-10-07,21.527090211553222,22.78627304794548,0.21,22.76127304794548,3,stop,-26.442839564237374,2.1,-28.542839564237376
XAGUSD.var,short,2021-09-29,2021-10-13,21.98053377520032,23.222726234560593,0.22,23.197726234560594,2,stop,-27.32823410592598,2.2,-29.52823410592598
XAGUSD.var,short,2021-09-16,2021-10-14,22.862000000000002,23.528,0.23,24.02182541063741,0,channel_exit,-15.317999999999927,2.3000000000000003,-17.617999999999927
XAGUSD.var,short,2021-09-17,2021-10-14,22.427605947460425,23.528,0.22,23.610990087565963,1,channel_exit,-24.20866915587063,2.2,-26.40866915587063
XAGUSD.var,long,2021-10-19,2021-11-02,23.668999999999997,23.493000000000002,0.22,22.46849721778161,0,channel_exit,-3.8719999999998858,2.2,-6.0719999999998855
XAGUSD.var,long,2021-10-20,2021-11-02,24.119722866165297,23.493000000000002,0.21,22.89279522305783,1,channel_exit,-13.161180189471194,2.1,-15.261180189471194
XAGUSD.var,long,2021-10-22,2021-11-02,24.57011275287948,23.493000000000002,0.21,23.344073054974995,2,channel_exit,-22.61936781046906,2.1,-24.719367810469063
XAGUSD.var,long,2021-11-11,2021-11-23,25.256,24.057775874971245,0.22,24.082775874971244,0,stop,-26.360930750632612,2.2,-28.56093075063261
XAGUSD.var,short,2021-11-26,2021-12-22,23.103,22.808,0.22,24.26340431716344,0,channel_exit,6.4900000000000375,2.2,4.290000000000037
XAGUSD.var,short,2021-11-30,2021-12-22,22.67093910141,22.808,0.22,23.848101497650003,1,channel_exit,-3.015339768980013,2.2,-5.215339768980013
XAGUSD.var,short,2021-12-01,2021-12-22,22.228793747749496,22.808,0.21,23.4328480241775,2,channel_exit,-12.163331297260587,2.1,-14.263331297260587
XAGUSD.var,short,2021-12-10,2021-12-22,21.824075190176032,22.808,0.23,22.9283246770386,3,channel_exit,-22.630270625951262,2.3000000000000003,-24.930270625951263
XAGUSD.var,long,2021-12-28,2022-01-06,23.291698934658104,22.2371684422365,0.25,22.262168442236497,1,stop,-26.363262310540136,2.5,-28.863262310540136
XAGUSD.var,long,2021-12-23,2022-01-06,22.915,22.146,0.25,21.878603332496834,0,channel_exit,-19.22499999999996,2.5,-21.72499999999996
XAGUSD.var,long,2022-01-19,2022-01-27,23.86696843306814,22.777052611553103,0.24,22.8020526115531,1,stop,-26.157979716360924,2.4000000000000004,-28.557979716360926
XAGUSD.var,long,2022-01-20,2022-01-27,24.260988444482873,23.160268414043585,0.24,23.185268414043584,2,stop,-26.417280730542895,2.4000000000000004,-28.817280730542898
XAGUSD.var,long,2022-01-18,2022-01-27,23.477,22.721,0.25,22.444299135247327,0,channel_exit,-18.900000000000006,2.5,-21.400000000000006
XAGUSD.var,long,2022-03-01,2022-03-15,25.431844635820184,24.848000000000003,0.2,24.137584009655193,3,channel_exit,-11.676892716403628,2.0,-13.676892716403628
XAGUSD.var,long,2022-02-24,2022-03-15,24.95587190100831,24.848000000000003,0.21,23.73886738004025,2,channel_exit,-2.2653099211744916,2.1,-4.365309921174491
XAGUSD.var,long,2022-02-22,2022-03-15,24.108999999999998,24.848000000000003,0.23,23.020399422750067,0,channel_exit,16.9970000000001,2.3000000000000003,14.697000000000099
XAGUSD.var,long,2022-02-23,2022-03-15,24.508870205645287,24.848000000000003,0.23,23.417549657257855,1,channel_exit,7.799985270158448,2.3000000000000003,5.499985270158447
XAGUSD.var,long,2022-04-18,2022-04-21,25.88,24.561134931292617,0.19,24.586134931292616,0,stop,-25.058436305440253,1.9000000000000001,-26.95843630544025
XAGUSD.var,short,2022-04-25,2022-07-28,23.553,20.029,0.19,24.8773571068004,0,channel_exit,66.95600000000002,1.9000000000000001,65.05600000000001
XAGUSD.var,short,2022-04-28,2022-07-28,23.081188481458877,20.029,0.2,24.36435253090187,1,channel_exit,61.04376962917755,2.0,59.04376962917755
XAGUSD.var,short,2022-05-02,2022-07-28,22.595952335975515,20.029,0.19,23.914915390597816,2,channel_exit,48.77209438353478,1.9000000000000001,46.87209438353478
XAGUSD.var,short,2022-05-06,2022-07-28,22.102726476815906,20.029,0.19,23.44299543457486,3,channel_exit,39.40080305950222,1.9000000000000001,37.500803059502225
XAGUSD.var,long,2022-08-10,2022-08-18,20.782951524035006,19.61574745994165,0.23,19.64074745994165,1,stop,-26.845693474147154,2.3000000000000003,-29.145693474147155
XAGUSD.var,long,2022-07-29,2022-08-18,20.363999999999997,19.504,0.22,19.209637577485115,0,channel_exit,-18.91999999999991,2.2,-21.11999999999991
XAGUSD.var,short,2022-09-01,2022-09-09,17.84363723412986,18.928804281079845,0.24,18.903804281079847,3,stop,-26.044009126799605,2.4000000000000004,-28.444009126799607
XAGUSD.var,short,2022-08-29,2022-09-12,18.62268029000584,19.708199516656936,0.24,19.683199516656938,1,stop,-26.05246143962634,2.4000000000000004,-28.45246143962634
XAGUSD.var,short,2022-08-31,2022-09-12,18.231824876736106,19.324105978788722,0.24,19.299105978788724,2,stop,-26.214746449262805,2.4000000000000004,-28.614746449262803
XAGUSD.var,short,2022-08-19,2022-09-12,19.011000000000003,19.801,0.23,20.14130152860078,0,channel_exit,-18.1699999999999,2.3000000000000003,-20.4699999999999
XAGUSD.var,long,2022-10-04,2022-10-10,21.19482067102344,19.854632214960937,0.19,19.879632214960935,1,stop,-25.463580665187553,1.9000000000000001,-27.363580665187552
XAGUSD.var,long,2022-10-03,2022-10-11,20.711,19.369959519934206,0.19,19.394959519934204,0,stop,-25.47976912125007,1.9000000000000001,-27.379769121250067
XAGUSD.var,long,2022-11-08,2022-12-30,21.393934266728085,23.929000000000002,0.17,19.90777622211986,1,end_of_data,43.0961174656226,1.7000000000000002,41.396117465622595
XAGUSD.var,long,2022-11-11,2022-12-30,21.945471002414077,23.929000000000002,0.17,20.4497063739181,2,end_of_data,33.719992958960724,1.7000000000000002,32.01999295896072
XAGUSD.var,long,2022-11-04,2022-12-30,20.846,23.929000000000002,0.17,19.39387197273327,0,end_of_data,52.411000000000044,1.7000000000000002,50.71100000000004
XAGUSD.var,long,2022-12-01,2022-12-30,22.444539372766798,23.929000000000002,0.19,21.08869038515954,3,end_of_data,28.204751917430883,1.9000000000000001,26.304751917430885
